ID;Name;RequestingArea;RevenueStream;BudgetGroup;MicroPhase;PriorityRA;Value;Urgency;Risk;Size
133470;Correio Inteligente - FTP para P&F;GP B2B;Business Solutions;Commercial;Backlog;12;;;;
133333;Evolutivos SAP Logística Q1 2026;SEO;Fulfilment;Operations;Pitch;999;3,0;2,0;3,0;3,0
133251;Evolutivas SAP - Mapeamentos contabilisticos & testes;GPG;Payments;Commercial;In Definition;999;;;;
133243;Citrix nas lojas - Análise para Eliminação / substituição;GS;Mail;Commercial;Backlog;20;;;;
133018;CTT SAP R3 - Nova transação para expandir vários materiais em vários Depósitos;CL;Mail;Corporate;Backlog;999;;;;
132957;Github Migration - ParcelInfo;SI;eCommerce;Technology;Backlog;999;;;;
132956;TFS Migration - NAVE;SI;Mail;Technology;Backlog;999;;;;
132425;"Descontinuar o aplicativo legado ""Criar envio de Correio internacional""";GP B2B;Mail;Commercial;Backlog;10;3,0;3,0;3,0;2,0
132298;Github Migration - Aplicações Canais Digitais;SI;Mail;Technology;Backlog;7;;;;
132278;dotCMS - update da versão;SI;Mail;Technology;Backlog;16;;;;
132222;CCP | Migrate from .Net 8 to .Net 10;SI;Mail;Technology;Backlog;53;;;;
132220;Create code reviewer AI agent;SI;Mail;Technology;Backlog;999;;;;
132219;CCP | Configure alerts for all CCP applications;SI;Mail;Technology;Backlog;40;3,0;2,0;2,0;2,0
132218;CCP | Notifications | Refactor application to meet CCP patterns;SI;Mail;Technology;Backlog;18;3,0;2,0;1,0;1,0
132063;ODM - Uniformização Ambiente Produtivo;SI;Mail;Technology;Backlog;32;3,0;2,0;2,0;1,0
132062;BPM - Upgrade WebSphere;SI;Mail;Technology;Backlog;24;3,0;2,0;2,0;1,0
132061;Migração ADO2GitHub - Pipeline ODM;SI;Mail;Technology;Backlog;9;2,0;4,0;4,0;1,0
132060;Migração ADO2GitHub - Pipelines CRM;SI;Mail;Technology;Backlog;13;2,0;3,0;3,0;1,0
132059;Mata Aplicações - Wave 1.15 - CRM Oracle Sales;SI;Mail;Technology;Backlog;39;3,0;3,0;3,0;3,0
132058;Evolutivos CRM Q1.2026;SI;Mail;Technology;Backlog;45;2,0;;1,0;1,0
132054;Observability | Notifications | Alarmistic association to Teams / Squads;SI;Mail;Technology;In Definition;20;;;;
132024;ESW | EQA | Utilização Regular da Automação de QA em Regressões;SI;Mail;Technology;Backlog;23;;;;
132023;ESW | EQA |Estabilização de Testes Automáticos Existentes de QA;SI;Mail;Technology;Backlog;33;;;;
132022;ESW | EQA | Implementação de Automação Básica de QA em Aplicações Críticas;SI;Mail;Technology;Backlog;42;;;;
132021;ESW | EQA | Definição de Checklist Mínimo de QA por Projeto;SI;Mail;Technology;Backlog;21;;;;
131995;INT| - Alarmística MuleSoft;SI;Mail;Technology;Backlog;999;;;;
131994;INT| - Reconstrução dos processos de LOGs do SD mulesoft no ELK coorporativo.;SI;Mail;Technology;Backlog;22;;;;
131993;INT| - Mata Aplicações Wave 1.1X - Solução de Transformação;SI;Mail;Technology;Backlog;30;;;;
131992;INT | Mulesoft – Refatorização de Aplicações;SI;Mail;Technology;Backlog;15;;;;
131991;INT | Migração da solução da Knowledge Base atual para uma solução Knowledge Base coorporativa;SI;Mail;Technology;Backlog;43;;;;
131990;INT| Descontinuar os serviços suportados pelo Biztalk;SI;Mail;Technology;Backlog;51;;;;
131989;INT| - Mata Aplicações Wave 1.1X - Tradutor;SI;Mail;Technology;Backlog;37;;;;
131776;NOXUS - Plataforma de IA;SI;Mail;Technology;Backlog;999;4,0;2,0;2,0;2,0
131734;Controlo de correio JPP;GP B2B;Mail;Commercial;Backlog;2;1,0;;1,0;2,0
128060;XRP | Alteração do fluxo de contabilização;RS;Mail;Corporate;Backlog;1;;;;
128057;XRP | Refaturação entre empresas;RS;Mail;Corporate;Backlog;3;;;;
127817;ODIN | Muticloud;SI;Mail;Technology;Backlog;35;5,0;1,0;1,0;2,0
127626;Expurgo automatic sharepoint e Team;SI;Mail;Technology;Backlog;29;;;;
127624;Implementação QuickWins MagicBeans;SI;Mail;Technology;Backlog;19;;;;
127619;Configuration Profiles Endpoint;SI;Mail;Technology;Backlog;26;;;;
127396;Evolutivos Nave Janeiro e Fevereiro 2026;GS;Mail;Commercial;In Approval;6;;;;
127258;Aviso de Receção (AR) Digital | Envios SuperApp e Site CTT;GP B2C;Mail;Commercial;Backlog;999;;;;
127257;Aviso de Receção (AR) Digital | Envios SuperPortal e Prestadores;GP B2B;Mail;Commercial;Backlog;4;;;;
127256;Correio Registado Self-Service| Envios a partir do SuperPortal;GP B2B;Mail;Commercial;Backlog;13;;;;
127240;Faturação CORRE - Identificação do as-is e desenho do to-be;SI-CRP;Mail;Technology;Backlog;999;2,0;3,0;3,0;2,0
127239;Evolutivos SAP BRIM (JAN/FEV 26);SI-CRP;eCommerce;Technology;In Approval;999;3,0;2,0;2,0;1,0
127226;Subsidio social de mobilidade - alterações Portaria n.º 12-B/2026/1, de 6 de janeiro;GP B2C;Retail & Financial Services;Commercial;Ready for Approval;999;;4,0;4,0;2,0
127066;Galaxy - Jornada de envios – Jornada Expresso com oferta ibérica;GS;eCommerce;Commercial;Backlog;12;;;;
127065;Galaxy - Jornada de envios – Push recolha destinatário;GS;eCommerce;Commercial;Pitch;2;3,0;2,0;1,0;3,0
126963;GitHub Migration - Implementação de Pipeline T&T em GitHub;SI-OPS;Mail;Technology;Backlog;999;4,0;;3,0;3,0
126944;GitHub Migration - Aplicações Wave 1;SI-OPS;Mail;Technology;Backlog;4;4,0;3,0;3,0;3,0
126931;Moneyball - Gestão de Consentimentos;GS;Mail;Commercial;Backlog;3;;;;
126772;Paperless - Guia expresso passar de 3 vias para 2, em apenas uma página;SI-PRD;Business Solutions;Technology;Backlog;11;;;;
126749;SGEE - Migração de Pipelines ADO2Github;SI-OPS;Mail;Technology;Backlog;3;;;;
126735;Data Cost Allocation Model by Business Area;PC;Mail;Corporate;Backlog;8;3,0;;;
126734;Migrate Azure Devops to Github Repos and Github Actions - Data repos;PC;Mail;Corporate;Backlog;2;;;2,0;
126661;RH - AI Automation;GRH;Mail;Corporate;Backlog;8;3,0;2,0;2,0;2,0
126656;CIS - AI Automation - BO Faturação;CSI;Mail;Commercial;Backlog;21;4,0;3,0;2,0;2,0
126647;MobiCTT - Migração de Pipelines ADO2Github;SI-OPS;Mail;Technology;Backlog;2;;;;
126646;Incremento ao projeto LFT - Volume certificado e não certificado;EM;eCommerce;Operations;In Definition;1;;;;
126645;GENAI-TOF;CF;Mail;Corporate;Backlog;3;;;;
126644;GENAI- Rossum;CF;Mail;Corporate;Backlog;1;;;;
126643;Faturas PDF | SuperApp - Faturação Portagens;CF;Mail;Corporate;Backlog;8;3,0;3,0;4,0;1,0
126641;GENAI-NBanks;CF;Mail;Corporate;Backlog;2;;;;
126588;Renovação ativos rede Datacenter CTT Express (Lisboa e Barcelona);SI;Mail;Technology;Backlog;38;;;;
126587;Renovação DNS - Infoblox;SI;Mail;Technology;Ready for Solution;34;;;;
126586;Renovação core LAN Porto;SI;Mail;Technology;In Definition;999;5,0;2,0;2,0;3,0
126585;Renovação Firewalls Perímetro - CheckPoint;SI;Mail;Technology;Backlog;5;;;;
126584;Reducing the rollout of Praas printers:;SI;Mail;Technology;Backlog;999;;;;
126583;Eliminate 50% of O365 Copilot licences;SI;Mail;Technology;Backlog;14;;;;
126582;Eliminate Azure Devops Pilpelines and Projects - move to BusinessMaps and GithubEpic Title;SI;Mail;Technology;Backlog;999;;;;
126581;Downgrade 1.200 / 4.186 Microsoft O365 E5 licences (local) to O365 F3 (web) [1/2 year];SI;Mail;Technology;Backlog;2;;;;
126580;Estudo para levantamento e alternativa ao MUS (Microsoft);SI;Mail;Technology;Backlog;54;;;;
126579;Reformulação do serviço AOS;SI;Mail;Technology;Backlog;11;;;;
126578;Reformulação do serviço HDDTM;SI;Mail;Technology;Backlog;10;;;;
126577;Renovaçao dos contratos de outsouricng COM;SI;Mail;Technology;In Definition;8;;;;
126576;Plano de formação (global e board);CISO;Mail;CISO;Backlog;3;;;;
126575;DLP (Data Loss Prevention) - Wave 2;CISO;Mail;CISO;Backlog;9;;;;
126574;DLP (Data Loss Prevention) - Wave 1;CISO;Mail;CISO;Backlog;2;;;;
126509;Alargamento Infraestrutura SI a outros sistemas desenvolvidos por EDO;EDO;Mail;Operations;Backlog;3;;;;
126480;Sites e Aplicativos | Melhorias às plataformas - JAN e FEV 2026;DNI;Mail;Commercial;Backlog;6;;;;
126478;Ecossistema B2C – Evolutiva - JAN e FEV 2026;DNI;eCommerce;Commercial;Backlog;4;;;;
126476;Evolutivos Ecossistema Expresso | JAN e FEV 2026;GP ECL;eCommerce;Commercial;In Definition;31;;;;
126474;Área de Cliente CTT - Empresas| Agile Way JAN e FEV 2026;DNI;Mail;Commercial;Backlog;5;;;;
126459;Super B2C (App + Área Cliente) | Incluir publicidade genérica do Banco CTT nos canais digitais dos CTT;DNI;Mail;Commercial;Backlog;2;;;;
126458;Super B2C (App + Área Cliente) | Alterar forma de gerar push notification na App;DNI;Mail;Commercial;Backlog;1;3,0;;;
126423;INTERNACIONAL | IPS Instalar a versão do package #19 (technical version 13.1.19);SEO;Mail;Operations;Ready for Solution;4;3,0;2,0;2,0;3,0
126278;PAI NATAL SOLIDÁRIO;CMP;Mail;Corporate;Backlog;1;2,0;2,0;2,0;3,0
126166;Produto Internacional Expresso | Permitir envio de bens para os EUA segmento ocasional;GP ECL;eCommerce;Commercial;Backlog;14;4,0;3,0;3,0;
126099;Desenvolvimentos Regulamentares (Congresso UPU Dubai + Incremental Riade);GP B2B;Mail;Commercial;Backlog;6;;;;
126044;Pesquisa de Pontos Collect | Melhorias;GP ECL;eCommerce;Commercial;Backlog;8;;;;
126043;Morada virtual | Serviço de subscrição;GP ECL;eCommerce;Commercial;Backlog;3;;;;
126023;Melhorias ao processo de envio de comunicações da Zurich;SI-PRD;Business Solutions;Technology;Backlog;9;;2,0;1,0;
125919;Criação de chatbot no portal ctt expresso;SI-PRD;eCommerce;Technology;Backlog;3;;;;
125918;Criação de chatbot no super portal;SI-PRD;Mail;Technology;Backlog;2;;;;
125916;Paperless - Faturação eletrónica em loja;SI-PRD;Mail;Technology;Backlog;4;;;;
125912;Serviço de envio de emails sediado na europa;GP B2B;Business Solutions;Commercial;Backlog;18;2,0;;3,0;2,0
125766;Evolutivas SAP FI Q1 2026;CF;Mail;Corporate;Backlog;11;1,0;1,0;1,0;1,0
125697;DeMinimis EUA - Solução para retomar os envios de Bens para os EUA para os clientes não contratuais;GP B2B;Mail;Commercial;Backlog;1;3,0;3,0;3,0;3,0
125694;Integração de Crashlytics nas aplicações mobile;SI;Mail;Technology;Backlog;36;;;;
125693;Upgrade servidores OutSystems para Windows Server 2022;SI;Mail;Technology;Backlog;25;;;;
125692;Upgrade plataforma OutSystems para versão 11.40.0;SI;Mail;Technology;Backlog;17;;;;
125545;Observability | Alarm Catalog for self provision in applications;SI;Mail;Technology;In Definition;12;5,0;2,0;1,0;
125544;Observability | Alarm Catalog Standardization through applications;SI;Mail;Technology;In Definition;27;5,0;2,0;1,0;
125543;ODIN | Iberian Observability Stack;SI;Mail;Technology;In Definition;3;5,0;2,0;1,0;
125275;Modernização do Processo de Devolução – Fim dos Carimbos usados no CDP;EDO;Mail;Operations;Backlog;6;;;;
125218;revamp.EPM - Framework CPM 360 Full Scope (Non Core);PC;Mail;Corporate;Ready for Solution;3;;;;
124871;Auditoria 2.0 - Criação de Data Lake para implementação de Auditoria Contínua e Auditoria à Distancia - Entrega Modelos Analíticos;ACR;Mail;Corporate;In Definition;1;;;;
124738;Nexus | We Serve - Integración eventos desde CTT PT​;SI-OPS;eCommerce;Technology;In Definition;1;;3,0;3,0;
124619;Envios Online & Super APP | Serviço de Ponto de Entrega;GP ECL;eCommerce;Commercial;Backlog;5;;;;
124599;Plataforma de Gestão Documental IGCP;GP B2C;Retail & Financial Services;Commercial;Pitch;12;;;;
124133;Incremento ao processo de pagamento de faturas a fornecedores;CF;Mail;Corporate;Backlog;10;;;;
124021;ODIN | Business unit clusters;SI;Mail;Technology;Backlog;41;;;;
124000;Milytech| Alteração à extração de dados de envios;GP ECL;eCommerce;Commercial;Backlog;15;;;;
123999;Interconnect Common Return Platform | Upgrade p/ V2 (CRP2);GP ECL;eCommerce;Commercial;Backlog;18;;;;
123649;Entrega em pontos para a cainiao;GS;eCommerce;Commercial;Pitch;1;;;;
123648;Amazon | Serviço Especial Feriado;GP ECL;eCommerce;Commercial;Backlog;7;;;;
123596;Descontinuação Doxenter - Wave 2;SI-PRD;Business Solutions;Technology;Backlog;14;;;;
123320;Auditoria SI - Wave 3 - Business Solutions;DPO;Mail;Corporate;Backlog;2;;;;
123319;Auditoria SI - Wave 3 - Canais Digitais;DPO;Mail;Corporate;Backlog;1;;;;
123004;Faturação do produto C65 - Tracked Simples - Alteração Pré-Aviso;GP ECL;eCommerce;Commercial;Backlog;12;;;;
122320;Implementação de modulo de Planeamento de Transportes em Drivian e Descontinuação do Sigest;SEO;Mail;Operations;High Level Design;1;4,0;2,0;3,0;2,0
121353;Configuração SAP para Introdução de IBANs da região SEPA;GPG;Payments;Commercial;Backlog;2;;;;
121296;SGEE | Automatização da Exportação de Liquidações LeYa;SEO;Mail;Operations;Backlog;999;;;;
120972;Cliente EDP - WS P&F- Novo Campo Data;GS;Business Solutions;Commercial;Backlog;4;;;;
120815;Faturação de Cliente Ocasional - SAP;GPG;Payments;Commercial;Backlog;3;;;;
120278;Revamp BIC - Indicadores diários e mensais de negócio;PC;Mail;Corporate;Backlog;6;;;;
120240;Mata Aplicações - Wave 1.14;SI;Mail;Technology;Ready for Development;999;4,0;2,0;2,0;3,0
119542;Nexus | We Bill | Charging;CTTE;eCommerce;Commercial;In Definition;999;;;;
119443;App ibérica de gestão de distribuição (last mile);EDO;eCommerce;Operations;Backlog;999;;;;
119415;Incremento ao Safeplace CTT;EDO;eCommerce;Operations;Backlog;9;;;;
118750;Validação Automática de Códigos Postais Internacionais;GP ECL;eCommerce;Commercial;Backlog;10;;;;
118174;GPB2C | Parceria Unicâmbio - Operacionalização de serviço de cambio;GP B2C;Retail & Financial Services;Commercial;Backlog;1;;;;
116662;Aviso de Entrega Digital;GP B2B;Mail;Commercial;In Definition;3;;;;
116026;Novo Catálogo de Aplicações (Atlas 2.0);SI;Mail;Technology;Ready for Approval;999;;;;
115295;Nexus - Piloto Operacional Fase 2;EDO;eCommerce;Operations;In Definition;2;;;;
113960;Informação das vendas por colaborador E nif;GS;Mail;Commercial;Backlog;40;;;;
111689;Indicadores para Planeamento e Controlo (transações manuais);GPG;Payments;Commercial;Backlog;7;;;;
111495;GT - Portal AON MVP (com SSO);GT;Mail;Corporate;Backlog;1;;;;
110325;Peak Season | Evento Chegada Tardia;SEO;eCommerce;Operations;Backlog;999;;;;
108852;Internacional | PA | Evolução da Linha de Tratamento Manual;SEO;Mail;Operations;Backlog;6;;;;
108455;SLA Engine | Cálculo do SLA tendo em consideração características especificas de clientes;SEO;eCommerce;Operations;Backlog;999;;;;
108370;Campanha para envios internacionais_PCR_4T2025;GP B2B;Mail;Commercial;Backlog;9;;;;
107975;Descontinuação do winreg;SI-PRD;Mail;Technology;Backlog;13;;;;
107765;Novas regras RCTO - Lista de Profissões;ACR;Mail;Corporate;In Definition;2;;;;
107435;Novo Aceitação imediata de objetos expresso em lockerProjeto;GS;eCommerce;Commercial;Backlog;9;;;;
106746;Sonar | Connect Github based applications to Sonar;SI;Mail;Technology;Backlog;46;;;;
105944;Expresso Internacional Premium | Disponibilização do produto no segmento ocasional;GP ECL;eCommerce;Commercial;In Definition;13;;;;
105938;Notificações Expresso | Aceitação no PUDO (Pedido ZALANDO);GP ECL;eCommerce;Commercial;In Definition;19;;;;
105685;IA & Automação Corporate;SI-CRP;Mail;Technology;Backlog;999;;;;
104562;Atendimento a nova Regulação aduaneiro de simplificação da exportação (SIMPLEX EXPORTAÇÃO);SEO;Mail;Operations;In Definition;5;;;;
104406;1º Wave da Auditoria aos processos de autorização e autenticação dos sistemas de informação SAP;ACR;Mail;Corporate;Backlog;999;;;;
103865;Avaliação do custo de extensão do licenciamento atual para a utilização do serviço webhook - BKTER;GP B2B;Business Solutions;Commercial;Backlog;17;;;;
101572;Lojas MEO - Recolhas Contextualizadas;GS;Mail;Commercial;In Definition;7;;;;
101373;Registo das atividades díarias do Giro nos CDPs;EDO;Mail;Operations;Backlog;999;;;;
100104;SGEE - Descontinuação FTP;SI-PRD;eCommerce;Technology;Backlog;12;;;;
100094;SRP - Descontinuação FTP;SI-PRD;eCommerce;Technology;Backlog;31;;;;
100093;TTEVOB - Descontinuação FTP;SI-PRD;eCommerce;Technology;Backlog;10;;;;
100092;PEF - Descontinuação da utilização do FTP;SI-PRD;Business Solutions;Technology;Backlog;8;;;;
99510;SAPSF - Solução de Interoperabilidade com a Segurança Social (Regulatório);GRH;Mail;Corporate;Ready for Development;2;;;;
98651;SAPSF - encriptação ficheiros SEPA CTT + CTTE;GRH;Mail;Corporate;Ready for Development;1;;;;
98564;CCP | Commercial Catalog | Synchronization with SAP;SI;Mail;Technology;Backlog;28;;;;
96621;Upgrade de Outsystems da versão 11.27.2 para a versão 11.36.0;SI;Mail;Technology;In Definition;999;;;;
96602;Ariba - migração para SAP R/3 dos dados do fornecedor em SAP Rise;CL;Mail;Corporate;Backlog;3;;;;
96588;POC Mobi - BYOD com parceiro SEMPREAPERCORRER;EDO;eCommerce;Operations;In Definition;999;;;;
96334;Github | Allow Github Actions to access resources inside CTT internal network;SI;Mail;Technology;Backlog;49;;;;
96332;CCP | OTP | Rebuild application in the current tech stack;SI;eCommerce;Technology;Backlog;4;;;;
95774;Alterações nos Relatórios do DEM para pagamentos MB WAY;GPG;Payments;Commercial;In Definition;5;;;;
95633;Assinaturas de autenticidade emails;SI;Mail;Technology;Backlog;999;;;;
94915;Agentes Payshop - passar ficheiro em access para base de dados;CSI;Mail;Commercial;Backlog;19;;;;
94489;Faturação Agentes Payshop - automatização e integração processo CTT;CSI;Mail;Commercial;Backlog;18;;;;
94164;Reconfiguração de Zonas de Taxação | Produtos Internacionais Expresso;GP ECL;eCommerce;Commercial;Backlog;17;;;;
93715;Logística - Utilização de Porta Paletes Autónomos;EDO;Fulfilment;Operations;In Definition;7;;;;
93681;BCE | Automatização da Aceitação de Registos;SEO;Mail;Operations;Backlog;999;;;;
93166;"Integração Automaise - Novo Voice Bot - Substituir as atuais ""primas""";AVC;Mail;Corporate;Backlog;1;;;;
92337;GCA - Aforro upgrade Oracle;GP B2C;Retail & Financial Services;Commercial;Backlog;3;;;;
92336;Mata Aplicações - Wave 1.X - ELS;GP B2C;Retail & Financial Services;Commercial;Backlog;13;;;;
91809;DSD | Criar as Listas de Correio Registado e de EMS em Simultâneo;EDO;Mail;Operations;Ready for Solution;1;;;;
91539;D. Oferta - atualização base de dados dos empregados CTT em NAVe;GS;Mail;Commercial;Backlog;32;;;;
90947;Descontinuação das Guias em Papel e Aplicações Locais – Introdução de um custo adicional;GP B2B;Mail;Commercial;Backlog;24;;;;
90573;SLA Engine| Microserviços na cloud ES;SI;Mail;Technology;Backlog;999;;;;
88961;Sistema de Validação Documental para Prestadores;SEO;eCommerce;Operations;In Definition;999;;;;
88857;CORP - Covline - Integração de clientes e contratos via kafka;CF;Mail;Corporate;Backlog;6;;;;
88803;Auditoria a Payroll–Sistemas SAP SF, IOS e SAP ECP (fase 2.0);ACR;Mail;Corporate;In Definition;999;;;;
88638;Novo modelo de integração SAP SF com Paynest;CF;Mail;Corporate;Backlog;4;;;;
88579;Automatização de validação do QR Code de Selos;GS;Mail;Commercial;In Definition;31;;;;
87975;Automatização do Registo de Tarefas em CRM Provenientes de Interações em GoContact;GS;Mail;Commercial;Backlog;33;;;;
87947;Gestão Centralizada de Ocorrências Operacionais;SEO;Mail;Operations;Backlog;999;;;;
87931;Carregamento de Listas nos CAs (Portal de Auto-Faturação);SEO;Mail;Operations;Backlog;999;;;;
87922;Criação de Ordens de Fornecimento SAP/R3;CL;Mail;Corporate;Backlog;1;;;;
87861;Teleponto - Migração de BD Oracle para BD SQL;SI-CRP;Mail;Technology;In Definition;999;;;;
86986;IQL | Incremento 1 | IQL com loja dummy e data IQL;ACR;Mail;Corporate;Backlog;3;;;;
85670;POD - API feasibility for Cainiao;GS;Mail;Commercial;In Definition;8;;;;
85248;Gestão de Stocks Vending em SAP;GS;Mail;Commercial;Backlog;30;;;;
84860;Amazon | Informação complementar de fechos ocasionais e férias;GP ECL;eCommerce;Commercial;In Definition;9;;;;
84849;Contabilização de Saldo Remanescente e separação entre Mail e Express no âmbito da oferta Pack de Envios;GP B2B;Mail;Commercial;Backlog;16;;;;
82419;Internacional | Regulatório cumprir ICS2 R2 e R3;SEO;Mail;Operations;In Definition;999;;;;
81605;DUC - Relatório Mensal de Pagamentos de Impostos com Cartão MB;GPG;Payments;Commercial;In Definition;999;;;;
81168;Tratamento de rejeitados no SD - Tipificar, isolar e informar (BG1): Incremento;EDO;eCommerce;Operations;In Definition;10;;;;
78905;Evolução Modelo de Incentivos Distribuição;SEO;Mail;Operations;Backlog;3;;;;
78453;Alteração da Autenticação dos Distribuidores nos Lockers;GP ECL;eCommerce;Commercial;In Definition;16;;;;
78005;Nexus | We Care | Adaptation of Service Infrastructures | MVP;AVC;eCommerce;Corporate;Backlog;6;;;;
78003;Nexus | We Care | Adaptation of Service Infrastructures | Pilot;AVC;eCommerce;Corporate;Backlog;4;;;;
78001;Nexus | We Care | SalesForce Parametrization | Post MVP;AVC;eCommerce;Corporate;Backlog;5;;;;
77999;Nexus | We Care | SalesForce Parameterization | Pilot;AVC;eCommerce;Corporate;Backlog;3;;;;
77828;Base Dados Modelo de Incentivos CTT Expresso;SEO;eCommerce;Operations;In Definition;2;;;;
76788;[Projeto One Million] Redução backlog objetos expresso;EDO;eCommerce;Operations;Backlog;11;;;;
76670;GALAXY | Identificação dos Clientes nas Lojas Físicas;GS;Mail;Commercial;In Definition;13;;;;
76554;Módulo de Compliance Payshop;GPG;Payments;Commercial;In Definition;4;;;;
76398;Galaxy | MCE & CDP - Nova Fase pós MVP - Equipa ENABLER Salesforce (AGILE WAY);GS;Mail;Commercial;In Definition;14;;;;
76382;[35908] - Jornada NBO: MOBI;GS;Mail;Commercial;In Definition;11;;;;
76303;Correio Registado Self-Service| Envios a partir da SuperApp e Site CTT;GS;Mail;Commercial;Backlog;34;;;;
76082;GP B2C – BO Site CTT - Simulador Certificados de Aforro / App CTT – Aforro Digital;GP B2C;Retail & Financial Services;Commercial;Backlog;4;;;;
75060;PCN | Wave 1 Documents Provider;ACR;Mail;Corporate;Backlog;999;;;;
75059;PCN | Wave 1 BMS Services;ACR;Mail;Corporate;Backlog;999;;;;
75055;PCN | Wave 1 IIB;ACR;Mail;Corporate;Backlog;999;;;;
75054;PCN | Wave 1 API Connect;ACR;Mail;Corporate;Backlog;999;;;;
75053;PCN | Wave 1 SAP R/3;ACR;Mail;Corporate;Backlog;999;;;;
75050;PCN | Wave 1 NAVE;ACR;Mail;Corporate;Backlog;999;;;;
75047;PCN | Wave 1 SGEE;ACR;Mail;Corporate;Backlog;999;;;;
75040;PCN | Wave 1 T&T;ACR;Mail;Corporate;Backlog;999;;;;
75004;PCN | Wave 1 FortiSiem;ACR;Mail;Corporate;Backlog;999;;;;
75003;PCN | Wave 1 SAP S/ 4Hana;ACR;Mail;Corporate;Backlog;999;;;;
74950;IOP | Instalação e Ativação da Componente Guardian - Nova Hyper V;SI;Mail;Technology;Backlog;56;;;;
74510;Alteração Talão Vales Postais superiores a 1.000€ - recomendação auditoria REC/ASN:2025-0015;CSI;Mail;Commercial;Backlog;11;;;;
74397;Nexus | We Serve | Treatment & First Mile | Decision Server MVP;EDO;eCommerce;Operations;In Definition;999;;;;
74238;LFT - Desenho de solução Corporativa;EM;eCommerce;Operations;In Definition;999;;;;
71728;Avaliação reforço do Cluster de Operações;SI-OPS;Mail;Technology;In Definition;999;;;;
71501;Nova Entidade Certificadora (CA) Autoridade Tributária e Aduaneira (AT).;CF;Mail;Corporate;In Definition;12;;;;
71332;IOP | Sistemas - Migração - Nova Farm Hyper V Lisboa - Wave 3;SI;Mail;Technology;Backlog;44;;;;
71073;Lojas com necessidade de 2 máquinas dispensadoras de senhas;BCTT;Mail;Technology;Backlog;1;;;;
70877;MobiCTT Incremento - Eliminação da lista grandes clientes e devoluções - Paperless;EDO;Mail;Operations;In Definition;999;;;;
70736;WFA | Incremento 3 | Férias;PC;Mail;Corporate;In Approval;4;;;;
70697;"Nexus | Digital Channels | CLIENT PORTAL | ""SUPER PORTAL"" (extra MVP)";DNI;eCommerce;Commercial;Backlog;3;;;;
70695;Nexus | Data | Group Data;PC;eCommerce;Corporate;In Definition;7;;;;
70693;Nexus | P&S | Collectt (OOH);GP ECL;eCommerce;Commercial;In Definition;2;;;;
70650;Monitorização da comunicação entre o sorter de Algoz e o SD;SI;Mail;Technology;Backlog;999;;;;
70559;Controlo dos Subadiantamentos (numerário) – cód. 011 - Auditoria REC/ARC 2024_1399;CSI;Mail;Commercial;Backlog;7;;;;
70356;Nexus | Phase 0 - Tech PoC;SI;Mail;Technology;Backlog;999;;;;
70181;Novo Modelo operativo - Postos CTT não NAVe;GPG;Payments;Commercial;Ready for Development;999;4,0;4,0;3,0;4,0
70063;Modelo de Dados de apoio aos indicadores de Logistica;SEO;Fulfilment;Operations;Backlog;8;;;;
70015;BCTT - renovação de equipamentos lojas especializadas;BCTT;Mail;Technology;Backlog;12;;;;
69892;Teleponto / Dol - Registo de situações de doenças;EDO;Mail;Operations;Backlog;5;;;;
69406;Nexus | We Bill | Upgrade Convergent Mediations e Charging;SI-CRP;eCommerce;Technology;In Definition;999;;;;
69351;ESW | EQA | Integração de Relatórios de Testes em Power BI;SI;Mail;Technology;In Definition;999;;;;
69344;Experiencia e Jornada do colaborador;GRH;Mail;Corporate;Backlog;9;;;;
69342;Substituição do IOS;GRH;Mail;Corporate;High Level Design;3;;;;
69341;Otimização CRB;CF;Mail;Corporate;Backlog;14;;;;
69337;Confirming 2.0;CF;Mail;Corporate;Backlog;13;;;;
69336;Auditoria a Payroll – Processos SAP SF, IOS e SAP ECP (Malias);ACR;Mail;Corporate;Backlog;999;;;;
69334;Dashboard – Projeto Livros Escolares Sonae 2025;SEO;Fulfilment;Operations;Backlog;999;;;;
69196;MACC: DC Lisboa - Jouney to Azure cloud;SI;Mail;Technology;Backlog;999;;;;
68919;Máquina vending machines: Associação de Receita, Faturação e gestão de stock;GS;Retail & Financial Services;Commercial;In Definition;35;;;;
68917;IOS - Novo Extrator de dados da aplicação IOS;GRH;Mail;Corporate;Backlog;4;;;;
68814;Dol - Alteração da fórmula de cálculo dos DVs + Registos Entregues;EDO;Mail;Operations;Backlog;999;;;;
68794;Tratamento de rejeitados no SD - Eliminar pré-avisos com CP ficticios (BG4);EDO;eCommerce;Operations;In Definition;8;;;;
68791;Tratamento de rejeitados no SD - Entrada de pré-aviso pós primeira passagem do objeto na rede de tratamento (BG3);EDO;eCommerce;Operations;In Definition;12;;;;
68595;Implementar validação de configuração segura de endpoint na solução de teletrabalho da 321 Crédito;BCTT;Mail;Technology;High Level Design;9;5,0;2,0;2,0;2,0
68267;Descontinuar Grafana Dados;PC;Mail;Corporate;Backlog;15;;;;
68236;Informação normalizada (Indicadores de Gestão IG) - Fusão relatório 65 no 59 (2º e 3º fase);GP B2B;Mail;Commercial;In Definition;7;;;;
67870;BCTT - disponibilização de logs via SFTP;BCTT;Mail;Technology;Backlog;5;;;;
67561;SAPSF Evolução Integrações Sistemas a montante (Teleponto + AD + IOS);GRH;Mail;Corporate;Backlog;7;;;;
66475;Auditoria a Payroll Processos PAS – Fase 1.1;GRH;Mail;Corporate;Backlog;6;;;;
66136;CTTExpress - Mitigação de risco (Wave 3 - Fev25);CTTE;eCommerce;Commercial;;999;;;;
65646;Internacional SIMTEM - BG relativo ao ambito de notificações;SEO;Mail;Operations;In Definition;999;;;;
65266;Desagregar a Intranet de Outsystems ( Acção Post Mortem - INC1002170);SI;Mail;Technology;Backlog;999;;;;
65058;El corte Inglês - Relatorios de Conciliação forma automatica;GS;Mail;Commercial;In Definition;29;;;;
63944;solução de atualização de tracking em real time - Cliente Veryfex (Prozis);GS;eCommerce;Commercial;In Definition;36;;;;
63587;Transporte Nacional| Monitorização UAT Implementar Relatório;SEO;Mail;Operations;Backlog;999;;;;
63564;Internacional Portal Aduaneiro | Códigos S10 Repetidos;SEO;Mail;Operations;Backlog;999;;;;
63490;SLA Engine - Automatização ficheiro de dados de referencia;SEO;eCommerce;Operations;Backlog;999;;;;
63453;Automatização de 3 PBI das Operações;SEO;Mail;Operations;Backlog;999;;;;
63424;Revamp ViaCTT – 2ª Fase;GP B2B;Business Solutions;Commercial;In Definition;21;;;;
62476;Auditoria EY - Criação de Web Service para interfaces entre a aplicação IOS e a Médis;GRH;Mail;Corporate;Backlog;10;;;;
61949;SEO/PCE/CNE - PCOL | Alterar Rede de Distribuição com perfil de Coordenador;SEO;Mail;Operations;Backlog;999;;;;
61947;Telemetria - (Mobi) Descontinuação do Boletim de Veiculo;RS;Mail;Corporate;Backlog;5;;;;
60938;Fornecimentos automáticos de material vendável às lojas;GS;Retail & Financial Services;Commercial;Backlog;28;;;;
60599;Nexus | We Care | Customer Support;AVC;eCommerce;Corporate;Backlog;2;;;;
60596;Ligação do AgilePoint à BD do CoE IAP;TF;Mail;Corporate;Backlog;2;;;;
60584;Nexus | We Sell | Customer Onboarding;GS;eCommerce;Commercial;In Definition;10;;;;
60579;Nexus | P&S | Implementação da oferta ibérica;GP ECL;eCommerce;Commercial;High Level Design;1;;;;
59257;SouCTT - Salary on Demand (adiantamento % vencimento) | Paynest;GT;Mail;Corporate;Backlog;3;;;;
59256;SouCTT - Salary on Demand (Subsidio de Natal) | Paynest;GT;Mail;Corporate;Backlog;2;;;;
59177;Faturas PDF | SAP - Incremento 2;CF;Mail;Corporate;Backlog;9;;;;
58934;Solução de Gestão de Viagens;RS;Mail;Corporate;In Definition;6;;;;
58133;BCTT - extensão do contrato de multifunções a 321 credito;BCTT;Mail;Technology;In Definition;7;;;;
56652;Coimas - Configuração /Mapeamentos SAP;GPG;Payments;Commercial;In Definition;11;;;;
55562;Infoblox - Atualização Anual;SI;Mail;Technology;Backlog;999;;;;
55478;Alteração Ficheiro Pontos CTT - Cliente Nespresso;GS;Mail;Commercial;In Definition;27;;;;
55327;XRP | RPA para substituição da integração com BPM;RS;Mail;Corporate;Backlog;2;;;;
55326;XRP | ADL Gestão de Frota;RS;Mail;Corporate;In Definition;4;;;;
55216;ESG - Incremento 1;ST;Mail;Corporate;In Definition;1;;;;
54059;Pay I Cartões e Terminais incremento 2;GS;Payments;Commercial;In Definition;17;;;;
54058;APP Operações Online_Integração com o drivian;EDO;eCommerce;Operations;Backlog;999;;;;
53828;Segurança da Informação - revisão anual 2025 de Políticas e Normativos;CISO;Mail;CISO;Backlog;8;;;;
53781;Proteção Avançada para a Interface do PayByLink;GPG;Payments;Commercial;In Definition;6;;;;
52687;Integrar nº contrato e codigo material nas PO do PCOL e SGPC;SEO;Mail;Operations;Backlog;999;;;;
51747;Auditoria a Payroll Processos PAS – Fase 1;GRH;Mail;Corporate;Backlog;5;;;;
51195;MOBI_Criar QR de saida para distribuição;SEO;eCommerce;Operations;In Definition;7;;;;
51177;Portal de Prestadores - Banca Settlements : Âmbito Descontinuar a Autofaturação;SEO;eCommerce;Operations;Backlog;999;;;;
51176;Impressão cartões de prestadores > Âmbito descontinuar Autofaturação;SEO;Mail;Operations;Backlog;999;;;;
51052;NIS2 - Implementação de remediações (PT) - Gestão de Ativos;CISO;Mail;CISO;Backlog;999;;;;
51051;NIS2 - Implementação de remediações (PT) - Segurança da Supply Chain;CISO;Mail;CISO;Backlog;999;;;;
51049;Definição de Política de Gestão de Risco Cyber;CISO;Mail;CISO;Backlog;7;;;;
50994;APT | Mata Aplicações - Wave 1.13;SI;Mail;Technology;Backlog;999;;;;
50856;Definição de modelo de governo para gestão de segurança da informação, compliance e gestão de risco;CISO;Mail;CISO;Backlog;6;;;;
50852;SOC - operacionalização do serviço;CISO;Mail;CISO;Ready for Solution;1;;;;
50849;Cyber attack simulation Table-top;CISO;Mail;CISO;Backlog;5;;;;
50788;CESOP - Reporte Regulatório AT;CF;Mail;Corporate;Backlog;7;;;;
50738;Piloto para experimentar o SW do BCE na loja;GS;Mail;Commercial;Backlog;26;;;;
50641;APT | ODIN | Self Service;SI;Mail;Technology;Backlog;48;;;;
50544;Avaliação de Novo Software de Contact Center;AVC;Mail;Corporate;Backlog;10;;;;
50234;Aceitação Correio Empresarial - Refactoring;SI-OPS;Mail;Technology;In Definition;6;;;;
50233;Portal Aduaneiro - Limpeza de código Morto;SI-OPS;Mail;Technology;Backlog;999;;;;
50229;Migrar Reports do SGEE para datalake (DLD);SI-OPS;Mail;Technology;Backlog;999;;;;
50228;Migrar Reports do T&T para datalake (DLD);SI-OPS;Mail;Technology;Backlog;999;;;;
50206;Tradução do Site e da App;GS;Mail;Commercial;Backlog;38;;;;
49685;ESW | ECD | Descontinuação Biztalk;SI-OPS;Mail;Technology;In Definition;999;;;;
49552;Analytics | Implementação GAds (BigQuery);DNI;Mail;Commercial;Backlog;8;;;;
49515;Saldos Operações - Report & Dados a partir do DLD;SEO;Mail;Operations;Backlog;999;;;;
49513;APT | Mata Aplicações Wave 1.12 - GCC;SI;Mail;Technology;Backlog;999;;;;
49198;Descontinuação do express2me para a super app;SI-PRD;Mail;Technology;Backlog;18;;;;
49197;Migrar os documentos do viactt para Filenet;SI-PRD;Business Solutions;Technology;In Definition;1;;;;
48991;CCT 3.0 - powered by AI;DNI;Mail;Commercial;Backlog;7;;;;
48989;Evolução Pesquisa Pontos de Contacto CTT;CMP;Mail;Corporate;Backlog;2;;;;
48238;GOV | Knowledge Management IT - Estratégia;SI;Mail;Technology;Backlog;999;;;;
48167;GPB2C | Via Verde – Repositório de informação;GP B2C;Retail & Financial Services;Commercial;Backlog;11;;;;
48158;IOP | Redução da Obsolescência Protocolos TLS 1.0 & 1.1 WAVE 4 - Servidores Unix;SI;Mail;Technology;Backlog;60;;;;
48157;IOP | Redução da Obsolescência Protocolos TLS 1.0 & 1.1 WAVE 3;SI;Mail;Technology;Backlog;59;;;;
48156;IOP | Redução da Obsolescência Protocolos TLS 1.0 & 1.1 WAVE 2;SI;Mail;Technology;Backlog;58;;;;
47391;CRM | SPRINKLR - Irá existir uma alteração ao nivel das APIs da Sprinklr pelo que deverão ser necessários ajustes à integração com o CRM;AVC;Mail;Corporate;Backlog;11;;;;
46567;A receita dos Postos Venda de Selos (PVS);GS;Mail;Commercial;Backlog;21;;;;
46558;A receita dos Pontos ctt não NAVe;GS;Mail;Commercial;Backlog;39;;;;
46214;Canal de Denúncias;ACR;Mail;Corporate;Backlog;4;;;;
44975;Servidor Decisões: Update automatico para a nova versão ODM;EDO;eCommerce;Operations;Backlog;4;;;;
44675;GPB2C | Apartados - Adaptação Tecnologia Locky e Otimização de Recolha de Dados;GP B2C;Retail & Financial Services;Commercial;Backlog;6;;;;
44136;Liquidação de objetos CTT à cobrança;GS;Mail;Commercial;In Definition;5;;;;
43204;Desmaterialização Documentos Multicare;GS;Retail & Financial Services;Commercial;In Definition;25;;;;
42676;Descontinuação do SGCP e GIEP - Migração de Funcionalidades uma nova aplicação;SI-PRD;Mail;Technology;In Definition;5;;;;
41699;Indicadores de acompanhamento da Operação Santos e Vale;SEO;Mail;Operations;Backlog;999;;;;
41221;DART Team - Recomendações CTT;CISO;Mail;CISO;In Definition;4;;;;
39684;Cliente das Águas: Integração da API por parte dos preparadores externos;GP B2B;Mail;Commercial;Backlog;999;;;;
39155;QOS - Alteração do Evento EDH no cálculo da Entrega Efectiva;SEO;eCommerce;Operations;Backlog;999;;;;
39152;Matriz Taxa Cumprimento Serviço Origem-Destino Expresso;SEO;eCommerce;Operations;Backlog;999;;;;
39126;Novas funcionalidades no PA- AVC;AVC;Mail;Corporate;Backlog;7;;;;
38704;Informação Track & Trace e SGEE para RAID;SI-OPS;Mail;Technology;Backlog;999;;;;
36561;P&F –Plataforma de Disaster Recovery para o P&F;SEO;Mail;Operations;Backlog;999;;;;
36549;Novo Modelo de Replicação de Dados Contratuais;SI-PRD;Mail;Technology;Backlog;19;;;;
36274;Correção Mapeamento informático - metadados Vales Pagos internacionais;CSI;Mail;Commercial;In Definition;13;;;;
36196;Redução do número de sms enviados aos clientes;SI-PRD;eCommerce;Technology;Backlog;30;;;;
35914;IOP | Evolução da Private Key Infrastructure (PKI) dos CTT;SI;Mail;Technology;Backlog;50;;;;
35742;GOC | Modelo de Custeio e Budgeting SI;SI;Mail;Technology;In Definition;999;;;;
35698;Criação de catálogo de produtos e serviços central;SI;Mail;Technology;Backlog;999;;;;
35640;SRE Foundations;SI-OPS;Mail;Technology;In Definition;999;;;;
35445;Data Governance - Master Data Management - MVP;PC;Mail;Corporate;High Level Design;5;;;;
35418;GOV | Processos IT: Gestão de Vulnerabilidades - Wave 1;SI;Mail;Technology;Backlog;999;;;;
35413;SD-Construção de histórico que permita criar métricas e indicadores de desempenho;EDO;eCommerce;Operations;Backlog;999;;;;
209152;Portal Aduaneiro | Portal Aduaneiro | Automatização de processos manuais;SEO;Mail;Operations;Backlog;999;;;;
207256;Alteração Canal Produtos Pagamentos B2C;GS;Payments;Commercial;Backlog;14;;;;
206177;Galaxy | Avisados em Mobi - Indicadores de Loja (Modelo 415);GS;Mail;Commercial;Backlog;15;;;;
205107;Data Governance - Data Lineage;PC;Mail;Corporate;Backlog;19;;;;
204714;Integração Mobi Ponto@Porta;EDO;eCommerce;Operations;Backlog;999;;;;
204677;Afetação Receita Vendas Loja Online a Gestores de clientes e hierarquia;GS;Mail;Commercial;Backlog;23;;;;
204653;GPECL/DIS |PACK EXPRESSO Contabilização automática e Re-atribuição do centro de lucro;GP ECL;eCommerce;Commercial;In Definition;6;;;;
204261;GP ECL/INT - Erros envolvendo DHL - Objeto CTT que gera múltiplas Cartas de Porte DHL (AWB DHL Express);GP ECL;eCommerce;Commercial;Backlog;22;;;;
203999;Alteração de dados à query designada por Sandra Teams PUDO para loky 16-10-2023;GS;Mail;Commercial;Backlog;24;;;;
203901;Power Bi | CRM - Acesso a Informação do CRM através do PowerBi;AVC;Mail;Corporate;In Definition;8;;;;
203853;Sites CTT e Payshop | Inclusão dos Agentes Payshop na pesquisa de Pontos de Contacto CTT;GPG;Payments;Commercial;In Definition;13;;;;
203672;Technical Debt International Tribe;SEO;Mail;Operations;Backlog;999;;;;
203667;Portal Aduaneiro | Incremento YY - ( todas as dores e problemas);SEO;Mail;Operations;Backlog;999;;;;
203114;Analytics - Analise de custo parceiros;PC;eCommerce;Corporate;Backlog;16;;;;
203092;PDFs Gerados de Listagens lojas estão alojados nos servidores do Nave;SI-PRD;Mail;Technology;Backlog;17;;;;
202923;Portal Aduaneiro | Incremento XX;SEO;Mail;Operations;Backlog;999;;;;
202910;APP Operações Online Incremento - Rastreabilidade e identificação de pontos críticos no tratamento (BG2);EDO;eCommerce;Operations;Backlog;999;;;;
202906;MobiCTT Incremento 4 - Criar o serviço sacos reabastecimento (BG6);EDO;Mail;Operations;Backlog;999;;;;
202594;Certificação das Operações P&F 2025 - Migração a 27002;SEO;Mail;Operations;Backlog;999;;;;
202075;Mata Aplicações - Wave 1.3 - HRAccess (Fase 0 - desenho de solução);SI-CRP;Mail;Technology;In Definition;999;;;;
201686;Galaxy | Avisados em Mobi - POD - Aumentar o campo assinatura;GS;Mail;Commercial;Backlog;16;;;;
200949;Integração do sistema SAP940 para etiquetadora de expedição (Modelo Zebra TSC);SEO;eCommerce;Operations;Backlog;999;;;;
200523;Site Payshop | Duplicação do Template do Site CTT para Payshop;GPG;Payments;Commercial;Ready for Approval;999;;;;
199977;Data Hub - Secrets and Authentication;PC;Mail;Corporate;Backlog;18;;;;
199976;Data Hub - Monitorização e Backup;PC;Mail;Corporate;Backlog;17;;;;
199556;Desmaterialização dos Envios de Correio e Encomendas - Envios Online Únicos (Correio e Expresso);GP B2B;Mail;Commercial;Backlog;14;;;;
199026;COOKIES - Implementação do Google Consent Mode nos Aplicativos e da Gestão das cookies nos aplicativos B2B;DNI;Mail;Commercial;Backlog;13;;;;
198423;Inclusão da informação das sobras das campanhas CNE na BD;EDO;Mail;Operations;Backlog;999;;;;
196287;Afetação correta da receita de produtos/serviços faturados fora do SAP ao respetivo gestor comercial B2B e Lojas e Loja Online;GS;Mail;Commercial;Backlog;41;;;;
195972;Integração do ficheiro de pré-aviso do cliente ETCP / MEO com entrega direta em ponto;GS;Mail;Commercial;High Level Design;22;;;;
195823;Obrigatoriedade da sincronização da informação da Carga e da faturação dos clientes EXPRESSO;SEO;Mail;Operations;Backlog;999;;;;
194112;Substituição da aplicação de faturação do P&F;SI-PRD;Business Solutions;Technology;In Definition;7;;;;
193256;Eliminação da impressão da guia da Loja na aceitação de objetos CTT Expresso (contratual e ocasional);CSI;Mail;Commercial;Backlog;17;;;;
193041;BancoCTT - Redução horário Tesouraria | Automatização do horário da senha D;BCTT;Mail;Technology;Backlog;3;;;;
192923;SD - Green Deliveries;EDO;eCommerce;Operations;Backlog;999;;;;
192862;Criação Seção dados Complementares;CSI;Mail;Commercial;Backlog;25;;;;
192640;IOP | DNS private resolvers - descontinuar bind em 2 vms ubuntu;SI;Mail;Technology;Backlog;52;;;;
192528;Galaxy | Avisados em Mobi - Receção de Correio e Expresso - Incremento 1;CSI;Mail;Commercial;In Definition;999;;;;
192188;Internacional | ITMATT | Interconnect Melhorias OUTBOUND campo postage paid;SEO;Mail;Operations;Backlog;999;;;;
192127;APT | Unificar Catálogo de Aplicações e CMDB;SI;Mail;Technology;Backlog;999;;;;
192080;Revisão da rede nos grandes centros e migração p Azure AD dos servidores q estão em AWS e q têm num DC em Barcelona;CTTE;eCommerce;Commercial;Backlog;999;;;;
192060;Despesa Frota e Edificios - Evolutivo;PC;Mail;Corporate;Backlog;10;;;;
192059;Implementação do software da Western Union (WUPOS) em NAVe e integração com todos os sistemas centrais;GP B2C;Retail & Financial Services;Commercial;In Definition;2;;;;
192033;IOP | Internet - visibilidade sobre utilização e qualidade do serviço;SI;Mail;Technology;Backlog;55;;;;
192032;IOP | PacketShaper - descontinuação e abate;SI;Mail;Technology;Backlog;65;;;;
192027;Comunicações - Wifi 321 Crédito - Porto;BCTT;Mail;Technology;Backlog;6;;;;
192019;Mata Aplicações - Alfandega (Internacional | T&T | Alfandega Transferir atribuição do EDB automático para outra aplicação);SEO;Mail;Operations;Backlog;999;;;;
191986;Indicadores Operacionais suporte a operaçao CD e CDPs - Near real time;SEO;Mail;Operations;Backlog;999;;;;
191965;SAP R3 migration for ES;CTTE;eCommerce;Commercial;Backlog;999;;;;
191964;Deploy OTP solution in ES;CTTE;eCommerce;Commercial;Backlog;999;;;;
191962;Deploy e-Compras system in ES;CTTE;eCommerce;Commercial;Backlog;999;;;;
191961;Deploy SAP Ariba in ES;CTTE;eCommerce;Commercial;Backlog;999;;;;
191960;Deploy Success Factors in ES;CTTE;eCommerce;Commercial;Backlog;999;;;;
191959;Change current ES-PT shipment information integration mechanism;CTTE;eCommerce;Commercial;Backlog;999;;;;
191956;Improve returns process from PT to ES;CTTE;eCommerce;Commercial;Backlog;999;;;;
191952;Mata Aplicações - eliminação da aplicação TTEVOB;SI-OPS;eCommerce;Technology;Backlog;999;;;;
191945;Mata Aplicações - eliminação da aplicação e-Aceitação;SI-OPS;eCommerce;Technology;Backlog;999;;;;
191938;Internacional | ICS2 | Receber ITMATT Enriquecida;SEO;Mail;Operations;Backlog;999;;;;
191866;CRM I Criação de reporting em Power BI para controlo do tratamento de solicitações;GS;Mail;Commercial;Backlog;66;;;;
190603;Formulário Criar Envio de Correio Internacional | Supressão do Serviço Especial de Cobrança no Correio Registado para o âmbito Internacional;GS;Mail;Commercial;Backlog;42;;;;
190399;Descontinuação do PIPOLI;SI-PRD;Business Solutions;Technology;Backlog;16;;;;
190312;Informação Clientes Ocasionais;GS;Mail;Commercial;Backlog;43;;;;
190291;ETCP - Anomalia na Integração do ficheiro das recolhas;GS;Mail;Commercial;In Definition;18;;;;
190271;Estender o onboarding digital para a CTT Express;CTTE;eCommerce;Commercial;Backlog;999;;;;
189983;Pagamento de Vales Nacionais e Internacionais - Finalização do pagamento apenas após procedimentos de RCTO concluídos;GP B2C;Retail & Financial Services;Commercial;Backlog;5;;;;
189783;Melhorias área cliente correio;GP B2B;Mail;Commercial;Backlog;19;;;;
189526;GPB2C | Inibição de Pagamentos a Entidades Coletivas Singulares no Nave e no STA;GP B2C;Retail & Financial Services;Commercial;In Definition;8;;;;
189375;MRP Armazém Central CTT;CL;Mail;Corporate;Backlog;4;;;;
188749;Automatização Revisão Alertas AML (Payshop);GPG;Payments;Commercial;Backlog;12;;;;
188737;Nexus | Data | Nexus Data;PC;eCommerce;Corporate;In Definition;9;;;;
188477;Amazon - Melhorias ao processo atual;GS;Mail;Commercial;In Definition;19;;;;
187686;Envio automático de informação de horas de prestação de serviços registadas no DOL;SEO;Mail;Operations;Backlog;999;;;;
187043;Permitir que a api de criação de guias multiprodutos possa ser utilizada por clientes que não sejam preparadores;GP B2B;Mail;Commercial;Backlog;23;;;;
185996;Apresentação Imagens BOL LCD LOJAS;GS;Retail & Financial Services;Commercial;Backlog;44;;;;
185664;PAY - Instrumento Cheques - Incremento I;CSI;Mail;Commercial;In Definition;2;;;;
183400;Projeto Sonae - Portal de Agendamento Logistico;SEO;Fulfilment;Operations;Backlog;999;;;;
181852;Integração automática Trabalho suplementar no DOL;SEO;Mail;Operations;Backlog;999;;;;
181624;Banco CTT - Alteração Processo Faturação;BCTT;Mail;Technology;Backlog;8;;;;
181384;PAY - Instrumento Transferências - Alteração Requisitos - Fev;CSI;Mail;Commercial;In Definition;1;;;;
180676;IOP | ClearPass - alargar cobertura da solução de Network Access Control;SI;Mail;Technology;Backlog;57;;;;
180673;IOP | Segregação da Rede Privada;SI;Mail;Technology;Backlog;31;;;;
180670;INT | IBM Sterling File Gateway - implementar balanceamento;SI;Mail;Technology;;6;;;;
178627;GPECL/DIS - Notificações Sábado e Domingo // alteração do processo de indicação da data de entrega;GP ECL;eCommerce;Commercial;Backlog;23;;;;
177967;Taxa Efetividade - Serviço Especial Ponto de Entrega;SEO;Mail;Operations;Backlog;999;;;;
177539;Evolução tecnológica do PIAO;SI-PRD;Business Solutions;Technology;Backlog;15;;;;
177129;IOP | Obsolescência WAVE 2 - Matar/Upgrade Oracle DB, IBM DB2 para ultimas versões suportadas (mínimo n-1);SI;Mail;Technology;Backlog;64;;;;
177128;IOP | Obsolescência WAVE 1 - Matar/Upgrade SQL Server anterior a 2019;SI;Mail;Technology;Backlog;62;;;;
177127;APT | Obsolescência WAVE 1 - Matar aplicações a 32 bits;SI;Mail;Technology;Backlog;999;;;;
177126;IOP | Obsolescência WAVE 1 - Windows 7 (evoluir para windows 11);SI;Mail;Technology;Backlog;63;;;;
177125;IOP | Obsolescência Infraestrutura WAVE 0 - Converter LDAP em LDAPS (ENABLERS);SI;Mail;Technology;Backlog;61;;;;
177123;Obsolescência WAVE 0 - Converter LDAP em LDAPS (BCTT);BCTT;Mail;Technology;Backlog;10;;;;
176776;Analytics | Implementação da DL no GA para os aplicativos que não estão em falta;DNI;Mail;Commercial;Backlog;12;;;;
176770;Analytics | Evolução das implementações DL p/ GA4 feitas nos aplicativos web/mobile 1ª e 2ª Fase;DNI;Mail;Commercial;Backlog;11;;;;
176414;Iberian - Incremento Visão de tratamento por KG's, Restantes Kpi's;PC;eCommerce;Corporate;Backlog;13;;;;
176107;PRODUTOS COM LEITURA OBRIGATORIA DE CODIGO DE IDENTIFICAÇÂO;CL;Mail;Corporate;Backlog;2;;;;
175823;Report automatizado para Crédito Pessoal;BCTT;Mail;Technology;Backlog;2;;;;
175216;VoC TT | OTP Melhorias;EDO;eCommerce;Operations;Backlog;999;;;;
174894;Renovação servidores PRISMA - PEF;SEO;Mail;Operations;Backlog;999;;;;
174608;VoC TT - Informação do código OTP no Track & Trace Interno;EDO;eCommerce;Operations;Backlog;999;;;;
174328;Nova plataforma para criar e gerir campanhas de publicidade;GP B2B;Mail;Commercial;Backlog;20;;;;
173698;SSM - validação dos dados registados em NAVe, previamente à sua conclusão;CSI;Mail;Commercial;In Definition;5;;;;
173452;UPDATE | SOLUÇÃO TRANSFORMAÇÃO | RELATÓRIO SERIAL NUMBER EXPEDIÇÃO;GS;Mail;Commercial;Backlog;45;;;;
173335;Consulta de Objetos e Downlad dos POD'S;CSI;Mail;Commercial;Backlog;14;;;;
173286;Simulador de tabelas;CSI;Mail;Commercial;Backlog;10;;;;
173285;Simulador para agrupagem;CSI;Mail;Commercial;Backlog;8;;;;
173281;Motor de Pesquisa de Varios objetos no S&V;CSI;Mail;Commercial;Backlog;16;;;;
173279;Motor de Pesquisa de Varios objetos no T&T;CSI;Mail;Commercial;Backlog;15;;;;
173278;Motor de Pesquisa de Varios objetos no SGC;CSI;Mail;Commercial;Backlog;9;;;;
173201;IOP | CrushFTP - migração de CentOS para Ubuntu;SI;Mail;Technology;Backlog;47;;;;
173104;PAY - Instrumento Transferências - Alteração de requisitos definidos pelo BdP - março;CSI;Mail;Commercial;In Definition;3;;;;
172578;Banco CTT - Gestão de Acessos em SAP4Hana;BCTT;Mail;Technology;Backlog;11;;;;
171544;BCTT Sincronização Robin & O365;BCTT;Mail;Technology;Backlog;13;;;;
171193;PBI CTT - Indicadores QoS Operações Expresso e CTT | Novos filtros Origem-Destino;SEO;Mail;Operations;Backlog;999;;;;
169812;Planeamento e Controlo Diário - Conciliação Modelo A;CSI;Mail;Commercial;Backlog;22;;;;
169688;BITS eshops;DNI;Mail;Commercial;Backlog;10;;;;
169462;Criação de repositório de informação para Lojas;CSI;Mail;Commercial;Backlog;999;;;;
169000;CLIENTE EXTERNO - Melhorias ao processo P&F do cliente EDP;GP B2B;Business Solutions;Commercial;In Definition;999;;;;
168630;NAVE - Afetação da receita do Serviço Especial de Registo (SER) ao código respetivo;GP B2B;Mail;Commercial;Backlog;999;;;;
168516;Geração de ficheiro excel com dados NEV;GPG;Payments;Commercial;In Definition;1;;;;
166508;ESW | Criação de Dashboards para métricas;SI;Mail;Technology;Backlog;999;;;;
166289;Workforce Analytics - Incremento Integração Indicadores Espanha;PC;Mail;Corporate;Backlog;14;;;;
165609;OTP - Incremento - Melhorias OTP;EDO;eCommerce;Operations;Backlog;999;;;;
164177;Eliminação de Notificações Mailmanager - Alertas às Lojas;CSI;Mail;Commercial;Backlog;999;;;;
163331;GPECL/DIS - Pack Expresso | Incremento ao Produto;GP ECL;eCommerce;Commercial;Backlog;20;;;;
162799;NAVe - Devolução e Cedência de Material - Correio de Serviço;CSI;Mail;Commercial;Backlog;999;;;;
160691;VoC TT | ITMATT Problema na Introdução de Caracteres Especiais Formulário ctt.pt;GP B2B;Mail;Commercial;Backlog;999;;;;
160300;Incusão de informação da “Faturação prevista” e “Tráfego previsto nos Relatorios;GS;Mail;Commercial;Backlog;46;;;;
160028;BFT - Faturas com 4 casas decimais;CSI;Mail;Commercial;Backlog;24;;;;
159929;Kiosks Envios - Incremento 4 | Alargar a oferta a Correio Registado Nacional e Expresso Internacional (a definir);GS;Mail;Commercial;Backlog;62;;;;
159573;Eliminação de impressão automática de duplicado do Modelo A;CSI;Mail;Commercial;Backlog;999;;;;
159032;Aplicação OPL6 compromete a segurança do ecossistema CTT,;GS;Mail;Commercial;Backlog;47;;;;
158454;APT | IBM ODM | configurar HTTPS;SI;Mail;Technology;Backlog;999;;;;
157691;Transportes - Inclusão de informação do número de AT no TT para efeitos do regime de bens em circulação;SEO;eCommerce;Operations;Backlog;999;;;;
157527;Nova Oferta produtos Untracked e Tracked Simples - melhoria de informação site TT 2023 07 24;GP ECL;eCommerce;Commercial;Backlog;25;;;;
157275;Kiosk de Envios Self-service: Instalação/Configurações de Cabo de Rede;GS;Mail;Commercial;Backlog;57;;;;
156817;Internacional | DeMinimis | PA e Alfandega - Adicionar o campo Descritivo ao ficheiro resultante da videocodificação no Alfândega;SEO;Mail;Operations;Backlog;999;;;;
156771;GPB2C | Subsidio Social de Mobilidade - Recomendações de Auditoria (Nº 21001/23);GP B2C;Retail & Financial Services;Commercial;Backlog;10;;;;
155973;Relatorio SAP Hana - Clientes com Fatura Eletronica;GS;eCommerce;Commercial;Backlog;63;;;;
155967;Relatorio SAP Hana - Dados de Clientes Objetos à Cobrança;GS;eCommerce;Commercial;Backlog;64;;;;
153591;Internacional | PA e MICS | Otimizar a receção de objetos no Portal Aduaneiro e a Fotoimagem na MICS;SEO;Mail;Operations;Backlog;999;;;;
152796;Onboarding POP - retificação de interface de criação de entidade;GPG;Payments;Commercial;In Definition;10;;;;
150749;Migração | Odisseias | Clientes Externos;SEO;Mail;Operations;Backlog;999;;;;
150434;Modelo de Analise de Variação de Negocio (Efeitos Trafego e Preço);PC;eCommerce;Corporate;Backlog;12;;;;
150269;ED | Devoluções | Solução de Oferta Integrada e Universal de Devoluções B2B;ECM;eCommerce;Commercial;In Definition;999;;;;
148371;SD: Possibilitar a invocação do Servidor de Decisões através do código de objeto ES;EDO;eCommerce;Operations;Backlog;999;;;;
148011;CTT Sol. Empresariais - GSB2B/BFT_Melhorias ao Processo de Faturação;CSI;Mail;Commercial;In Definition;4;;;;
147753;SEO - TCO | Disponibilização da informação de dados do tratamento Expresso e Correio;SEO;Mail;Operations;Backlog;999;;;;
147251;SELO DIGITAL;GP B2B;Mail;Commercial;In Definition;5;;;;
146437;BPM - Processo de Regularização de Movimentos Manual;GS;Mail;Commercial;Backlog;48;;;;
145912;Reforço de cobertura de rede em COs e CDPs;SEO;eCommerce;Operations;Backlog;999;;;;
145226;Disponibilização de prefixos para correio registado com pré-aviso (indisponibilidade prevista para breve);GP B2B;Mail;Commercial;Backlog;22;;;;
144650;STICO Alterar estado Notificação para Terminada – Tipo de Envio Envio CRS;GP B2B;Business Solutions;Commercial;Backlog;999;;;;
142362;Adiantamentos para D+1 a PCTT encerrados em D;CSI;Mail;Commercial;Backlog;23;;;;
140468;GPECL/DIS - CTT Now melhorias aplicação;GP ECL;eCommerce;Commercial;Backlog;26;;;;
140413;Simulador Correio Editorial - Jornais e Publicações Periódicas (JPP) e Livros;GP B2B;Mail;Commercial;Backlog;29;;;;
140411;Criar campo no SGEE para o Serviço Especial Valor Declarado;GP B2B;Mail;Commercial;Backlog;999;;;;
139066;SGPC - Deixar de enviar notas de Contabilidade dos Prestadores de Serviço por Correio;SEO;Mail;Operations;Backlog;999;;;;
138809;GS B2C - Reorganização dos Backoffices;CSI;Mail;Commercial;Backlog;999;;;;
138225;GPECL/INT - Interconnect | Disponibilizar Easy Return Solution Premium (ERS) - Authorising Party;GP ECL;eCommerce;Commercial;Backlog;4;;;;
136531;Kiosks Envios - Incremento 4 | Alargar oferta (correio registado nacional);GS;Mail;Commercial;Backlog;61;;;;
136530;Kiosks Envios - Incremento 2 | Simplificar jornada do cliente;GS;Mail;Commercial;Backlog;59;;;;
136529;Kiosks Envios - Incremento 1 | Associação de moradas guardadas no kiosk (via QR code App);GS;Mail;Commercial;Backlog;58;;;;
136307;Novo Ecosistema de APIs Shipping - API para consulta de trace monetizada;ECM;eCommerce;Commercial;Backlog;999;;;;
135471;Informação mensal das não conformidades enviadas do Dol para SGPC (sistema de Gestão de Postos de Correio);SEO;Mail;Operations;Backlog;999;;;;
135091;Acesso SGEE Apoio ao Cliente;GS;Mail;Commercial;Backlog;65;;;;
134437;Rastreabilidade - divisão direta para contentor;EM;eCommerce;Operations;Backlog;999;;;;
134275;Assegurar a Distribuição por Shapes;SEO;Mail;Operations;Backlog;999;;;;
133560;Novos Canais | Assegurar a liquidação automática das faturas de campanhas Outbound;GS;Retail & Financial Services;Commercial;Backlog;49;;;;
133246;Impressoras Termicas (Clientes Externos) - certificação de varios modelos e handover para EM;CSI;Mail;Commercial;Backlog;26;;;;
131505;GPECL/DIS - CTT Now Visibilidade sobre pedidos Programados;GP ECL;eCommerce;Commercial;Backlog;27;;;;
130149;SEO - TCO | Base de dados para armazenamento de informação proveniente de várias fontes;SEO;Mail;Operations;Backlog;999;;;;
128714;Workforce Analytics - Integração Espanha;PC;eCommerce;Corporate;Backlog;11;;;;
124872;FIL | Segmentação de Clientes - atribuição de descontos PED-2021-00346;FL;Mail;Corporate;Backlog;2;;;;
123106;GS B2C - Evolução do sistema de Gestão da informação Geográfica da Rede;GS;Mail;Commercial;In Definition;50;;;;
120372;POP - Melhorias a OnBoarding de clientes;GPG;Payments;Commercial;In Definition;8;;;;
115672;Melhoria nos Rótulos de Expedição do CNE;SEO;Mail;Operations;Backlog;999;;;;
115066;Paperless - Desmaterialização das Guias de Transporte CTT;SEO;Mail;Operations;Backlog;999;;;;
115063;Paperless - Desmaterialização das Listas de Picking CTT;SEO;Mail;Operations;Backlog;999;;;;
111671;Kiosks Envios - Incremento 3 | Embalagem - obtenção de informação de produto;GS;Mail;Commercial;Backlog;60;;;;
110084;ACQ/COQ | QoS - Alteração à regra do evento EFF;SEO;Mail;Operations;Backlog;999;;;;
110017;Lockers e Pontos de Entrega - Release 3;ECM;eCommerce;Commercial;Backlog;999;;;;
109623;e-SIGN: Nova solução de assinatura digital CTT;TF;Mail;Corporate;High Level Design;1;;;;
107451;STIAR | MPE – Gestão de Pagamentos dos Autos Rodoviários das Forças Policiais (GNR e PSP);GP B2B;Business Solutions;Commercial;Backlog;999;;;;
107176;Pagamento Custas Processuais Habilitação de Herdeiros - DP;CSI;Mail;Commercial;Backlog;999;;;;
101242;Lockers | Criação ou utilização de APN privada no âmbito da integração dos Lockers na rede CTT via operador GSM;ECM;eCommerce;Commercial;Backlog;999;;;;
99517;ECL/PSC - Identificação de giros de distribuição (green delivery);GP ECL;eCommerce;Commercial;Backlog;28;;;;
96860;BANCO CTT | Novo design site banco;BCTT;Mail;Technology;Backlog;8;;;;
96079;GCP: adaptação aos códigos de barras EDP;GPG;Payments;Commercial;Pitch;999;;;;
94117;SD - Colocar no PDA a Indicação sobre a fonte de decisão do Objeto;EDO;eCommerce;Operations;Backlog;999;;;;
86323;SD - Divisão de Objetos Outbound com base no país de destino;EDO;eCommerce;Operations;Backlog;999;;;;
84774;Analytics | Tags Google Analytics G3/4 - Measurement Protocol;DNI;Mail;Commercial;Backlog;9;;;;
84677;SEO - TCO | Disponibilização da Informação IPS;SEO;Mail;Operations;Backlog;999;;;;
82799;APP - modelo de registo de dados trafego CDPs;SEO;Mail;Operations;Backlog;999;;;;
76019;Serviço Conveniência - Impressão A4 (complemento ao Serviço de Fotocopias);GP B2C;Retail & Financial Services;Commercial;Backlog;12;;;;
71425;ECL/GPR - Peso Default por Produto Expresso e Carga;GP ECL;eCommerce;Commercial;Backlog;29;;;;
66650;GS B2C - Disponibilização de informação do Data Analytics sobre Sessões NAVe;GS;Mail;Commercial;Backlog;51;;;;
60297;Gestão de Stocks PCTT;CSI;Mail;Commercial;Backlog;999;;;;
52465;Aplicação Correio Empresarial nos BCE - pedido alteração a API de dados;SEO;Mail;Operations;Backlog;999;;;;
52102;WebService GEO Subscrição, Relatórios e Alertas;GP B2B;Business Solutions;Commercial;Backlog;25;;;;
51911;MPC | Integração Sprinklr no CRM | Melhorar Integração de mensagens;AVC;Mail;Corporate;In Definition;9;;;;
50493;B2C - Vendas Expresso por colaborador - CORVENDAS;GS;eCommerce;Commercial;Backlog;52;;;;
50482;GS B2C - Disponibilização de dados de vendas Filatelia dos canais FIL e DTI;GS;Mail;Commercial;Backlog;53;;;;
50111;B2C NAVe | Devolução Objetos Avisados com Prazo Expirado (GS B2C/OPB);CSI;Mail;Commercial;Backlog;999;;;;
50095;Criação Portal Parceiro;CSI;Mail;Commercial;Backlog;6;;;;
48860;B2C - Dados Vendas Dona Oferta - via Data Analytics;GS;Mail;Commercial;Backlog;54;;;;
46750;Atualização Catálogo Produtos e Otimização de Guias de Remessa (Operações de Filatelia);CSI;Mail;Commercial;Backlog;20;;;;
46748;Controlo de Faturas Anuladas, Vinhetas Anuladas e Notas de Crédito Emitidas - PCTT, Lojas Nucleares e Satélites;CSI;Mail;Commercial;Backlog;999;;;;
46015;Reformular o serviço Alterar Entrega de Correio (SIGA);GP B2B;Mail;Commercial;Backlog;26;;;;
45966;ITMATT – Implementar melhorias nos envios internacionais;GP B2B;Mail;Commercial;Backlog;999;;;;
45955;PED-2022-00115_PRIO#6_Atualização do país de destino na ficha do objeto;GP B2B;Mail;Commercial;Backlog;999;;;;
45693;PED-2019-00062_PRIO#34_Dinamização do negócio da exportação;GP B2B;Mail;Commercial;Backlog;27;;;;
43667;Supressão do Serviço Especial de Cobrança no Correio Registado para o âmbito Internacional;GP B2B;Mail;Commercial;Backlog;999;;;;
43366;GPECL/INT - Eventos DHL não integrados no T&T CTT;GP ECL;eCommerce;Commercial;Backlog;24;;;;
42748;De Minimis | Dashboard: Tempo de processamento de objetos em Famões;SEO;Mail;Operations;Backlog;999;;;;
42573;Desenvolvimentos NAVe - Aceitação campanhas DM inferiores a 100obj;GP B2B;Mail;Commercial;Backlog;30;;;;
28297;B2C NAVe | GP B2C-Validação da data de Voo com a AT - Subsidio de Mobilidade;GP B2C;Retail & Financial Services;Commercial;Backlog;9;;;;
16889;Dona Oferta – Dados de recibo/fatura automáticos;GS;Mail;Commercial;Backlog;37;;;;
16508;GP B2C-Automatização da faturação APIN;GP B2C;Retail & Financial Services;Commercial;Backlog;7;;;;
16503;B2C - FIL-Alargamento dos meios de pagamento aceites;FL;Mail;Corporate;Backlog;1;;;;
12868;Pedido de exceção para os BCE ao PED HD-2021-000681;SEO;Mail;Operations;Backlog;999;;;;
10474;Gestão de ativos em contexto de manutenção;EM;eCommerce;Operations;Backlog;999;;;;
10379;Serviços Reexpedição e Retenção - Implementar melhorias;GP B2B;Mail;Commercial;Backlog;28;;;;
10345;Alteração SGFE – PRIMA TD 200;GS;Mail;Commercial;Backlog;56;;;;
10344;Melhorias de funcionamento nos Tablets das Lojas;GS;Mail;Commercial;Backlog;55;;;;
10299;Fecho administrativo automático – Evento EFF;SEO;eCommerce;Operations;Backlog;999;;;;
10267;Criação de uma Torre de Controlo;SEO;Mail;Operations;Backlog;999;;;;
134943;STICO - Migração de Pipelines ADO2Github;GP B2B;Mail;Commercial;Backlog;15;4,0;;3,0;3,0
134832;Eliminação TLS 1.0 - Comunicação info T&T com MEO;SI-OPS;eCommerce;Technology;In Definition;5;;3,0;4,0;2,0
134802;DHL | Integração Oferta Connect;GP ECL;eCommerce;Commercial;Backlog;30;;;;
134801;Amazon | Serviço POD (Prova de Entrega);GP ECL;eCommerce;Commercial;In Definition;11;;;;
134587;BCTT - Relatório Sendgrid;BCTT;Mail;Technology;In Definition;4;3,0;;2,0;1,0
134357;Github Migration - Produtos;SI;Mail;Technology;Backlog;999;;;;
135317;SAPSF - GoFluent;GRH;Mail;Corporate;Backlog;999;2,0;;1,0;
135288;Desenvolvimentos CNE no âmbito do Correio Inteligente;GP B2B;Business Solutions;Commercial;Backlog;8;;;;
135004;Criação de novo agente AI para validação de código obsoleto;SI;Mail;Technology;Pitch;999;;;;
134997;Correio Inteligente - Alarmística;GP B2B;Business Solutions;Commercial;In Definition;11;;;;
